{
    "baseline_scores": {
        "easy_preference_recall": {
            "no_memory": {
                "scores": [
                    0.2,
                    0.2,
                    0.2,
                    0.2,
                    0.2
                ],
                "average": 0.2
            },
            "store_everything": {
                "scores": [
                    0.5965,
                    0.5963333333333334,
                    0.5956666666666668,
                    0.5955,
                    0.5776666666666667
                ],
                "average": 0.5923
            },
            "rule_based": {
                "scores": [
                    0.6486666666666667,
                    0.6481666666666667,
                    0.6481666666666667,
                    0.6483333333333333,
                    0.6485
                ],
                "average": 0.6484
            }
        },
        "medium_preference_constraint_correction": {
            "no_memory": {
                "scores": [
                    0.04999999999999999,
                    0.0,
                    0.04999999999999999,
                    0.0,
                    0.04999999999999999
                ],
                "average": 0.03
            },
            "store_everything": {
                "scores": [
                    0.433,
                    0.43175,
                    0.4315,
                    0.33225,
                    0.43375
                ],
                "average": 0.4125
            },
            "rule_based": {
                "scores": [
                    0.7925,
                    0.9940000000000001,
                    0.99375,
                    0.8935000000000001,
                    0.9945
                ],
                "average": 0.9337
            }
        },
        "hard_full_memory_management": {
            "no_memory": {
                "scores": [
                    0.04999999999999999,
                    0.0,
                    0.04999999999999999,
                    0.0,
                    0.04999999999999999
                ],
                "average": 0.03
            },
            "store_everything": {
                "scores": [
                    0.5060119047619048,
                    0.36892857142857144,
                    0.37017857142857147,
                    0.26892857142857146,
                    0.3718452380952381
                ],
                "average": 0.3772
            },
            "rule_based": {
                "scores": [
                    0.9783333333333334,
                    0.8008333333333333,
                    0.28541666666666665,
                    0.7275,
                    0.5245833333333334
                ],
                "average": 0.6633
            }
        }
    },
    "seeds_used": [
        42,
        43,
        44,
        45,
        46
    ],
    "note": "rule_based is the strongest baseline. An RL-trained policy should exceed rule_based on hidden seeds."
}
